,precision,recall,f1-score,support
ENCODER,0.6521739130434783,0.40540540540540543,0.5,37.0
FLOW_SWITCH,0.8888888888888888,0.7272727272727273,0.8,11.0
HMD,0.7794117647058824,0.8688524590163934,0.8217054263565892,61.0
LASER,1.0,0.6666666666666666,0.8,6.0
LVDT,0.6341463414634146,0.5909090909090909,0.611764705882353,44.0
PHOTOCELL,0.8189655172413793,0.9134615384615384,0.8636363636363636,104.0
PRESSURE_SWITCH,0.88,0.88,0.88,25.0
PROXIMITY,0.7,0.7241379310344828,0.711864406779661,58.0
accuracy,0.7658959537572254,0.7658959537572254,0.7658959537572254,0.7658959537572254
macro avg,0.7941983031678804,0.7220882273457881,0.7486213628318709,346.0
weighted avg,0.7604831879333497,0.7658959537572254,0.7579421834623631,346.0
