primary_device,area,events,total_minutes,avg_minutes
PHOTOCELL,SAW,37,887.0,24.0
LVDT,BDM,17,872.0,51.3
HMD,BDM,41,843.0,20.6
PHOTOCELL,COOLING_BED,26,585.0,22.5
ENCODER,BDM,10,483.0,48.3
LVDT,FURNACE,16,402.0,25.1
PRESSURE_SWITCH,COOLING_BED,9,394.0,43.8
PRESSURE_SWITCH,BDM,5,246.0,49.2
PHOTOCELL,CHA,1,230.0,230.0
ENCODER,ELECTRICAL,8,227.0,28.4
PHOTOCELL,BUNDLING,8,198.0,24.8
PROXIMITY,CTL,11,171.0,15.5
FLOW_SWITCH,MILL,6,167.0,27.8
ENCODER,SAW,1,160.0,160.0
PROXIMITY,BDM,4,154.0,38.5
PROXIMITY,SAW,7,153.0,21.9
ENCODER,SHEAR,1,151.0,151.0
LVDT,ELECTRICAL,4,150.0,37.5
PROXIMITY,COOLING_BED,5,138.0,27.6
ENCODER,CHA,2,112.0,56.0
ENCODER,FINISHING AREA WIRE ROD,1,111.0,111.0
HMD,REFORM TUB,2,108.0,54.0
ENCODER,PALLET,1,106.0,106.0
LVDT,MILL,1,105.0,105.0
PROXIMITY,FURNACE,4,105.0,26.2
PHOTOCELL,ELECTRICAL,3,101.0,33.7
LASER,FURNACE,5,100.0,20.0
PHOTOCELL,FURNACE,10,97.0,9.7
PROXIMITY,ELECTRICAL,3,81.0,27.0
PHOTOCELL,"FCE,SAW",1,80.0,80.0
ENCODER,COOLING_BED,3,66.0,22.0
HMD,SHEAR,1,65.0,65.0
HMD,ELECTRICAL,6,62.0,10.3
HMD,MILL,2,61.0,30.5
PROXIMITY,SAWS-DISC SAW 2,1,58.0,58.0
PROXIMITY,SAWS-DISC SAW 1,2,57.0,28.5
PROXIMITY,KOCKS,1,50.0,50.0
PRESSURE_SWITCH,SAW,4,50.0,12.5
PROXIMITY,SHEAR,1,48.0,48.0
PROXIMITY,SHEARS-SHEAR 4,3,47.0,15.7
ENCODER,SHEARS-SHEAR 1,1,46.0,46.0
FLOW_SWITCH,ELECTRICAL,3,36.0,12.0
LVDT,BUNDLING,1,35.0,35.0
PHOTOCELL,FINISHING AREA BARS-BUNDLING STATION,2,35.0,17.5
PROXIMITY,BUNDLING,2,33.0,16.5
PROXIMITY,SBQ FINISHING,2,32.0,16.0
PHOTOCELL,CTL,1,25.0,25.0
ENCODER,FURNACE,4,24.0,6.0
PHOTOCELL,ROLLING MILL,3,22.0,7.3
PHOTOCELL,SBQ FINISHING,3,21.0,7.0
LVDT,RHF,1,20.0,20.0
PROXIMITY,CHARGING,1,19.0,19.0
PROXIMITY,MILL,1,18.0,18.0
FLOW_SWITCH,ROLLING MILL,1,17.0,17.0
LVDT,COOLING_BED,1,15.0,15.0
PHOTOCELL,MILL,1,12.0,12.0
HMD,ROLLING MILL,1,11.0,11.0
PROXIMITY,ROLLING MILL-STAND 4,1,10.0,10.0
LVDT,CTL,1,10.0,10.0
PHOTOCELL,SHEAR,1,10.0,10.0
HMD,RHF,1,8.0,8.0
PROXIMITY,SUND,2,8.0,4.0
PHOTOCELL,RHF,1,7.0,7.0
ENCODER,SUND,1,7.0,7.0
ENCODER,KOCKS,1,6.0,6.0
PROXIMITY,RHF,1,5.0,5.0
LASER,BDM,1,5.0,5.0
PROXIMITY,FINISHING AREA BARS,1,5.0,5.0
HMD,TMB,1,3.0,3.0
